age_group,avg_sip_amount,total_invested,amfi_code
18-25,10953.073245167854,531639392,119094
26-35,10986.895696390922,1451600218,125498
36-45,10885.75862768981,871647528,148568
46-55,11136.76347826087,405406469,118636
56+,11574.922192151556,261286823,148567
